Platform,sentiment
Facebook,0.41686799999999996
FacebookDirect,0.7766
InstagramDirect,0.91672
Rumble,-0.9989
Telegram,0.95015
Twitter,0.2550492537313433
YouTube,0.43997142857142857
