Platform,sentiment
Bluesky,0.0
Facebook,0.10090503597122302
FacebookDirect,0.3146684210526316
GETTR,-0.5211
Gab,-0.07023333333333333
Instagram,0.13089
InstagramDirect,0.17474347826086956
Telegram,-0.14759999999999998
Threads,0.02174999999999999
TikTok,0.40625
TruthSocial,-0.5859
Twitter,-0.0192
YouTube,0.3438235294117647
