Platform,sentiment
Bluesky,0.6851499999999999
Facebook,0.5162025
FacebookDirect,0.6300304347826087
Gab,0.07165000000000005
Instagram,0.69145
InstagramDirect,0.7842721739130435
Podcast,0.9300999999999999
Rumble,0.8869485875706214
Telegram,-0.29969999999999997
TikTok,0.3669
Twitter,0.3102416184971098
YouTube,0.4044653846153846
