Platform,sentiment
Facebook,0.30352222222222225
Instagram,0.71842
InstagramDirect,0.9056375
TikTok,0.6702222222222223
Twitter,0.22152962962962963
YouTube,0.27826666666666666
